{
  "label": "sglang_ngram_v2",
  "timestamp": "20260423_143849",
  "config": {
    "input_chars": 512,
    "output_tokens_target": 128,
    "num_requests": 10,
    "warmup": 5,
    "batch": 1,
    "fixed_prompt_used": false
  },
  "aggregate": {
    "total_wall_s": 4.512444952502847,
    "total_output_tokens": 1280,
    "avg_tok_per_s": 283.6599700324416
  },
  "latency_ms": {
    "mean": 450.80172065645456,
    "median": 425.2325687557459,
    "stdev": 63.81716277290599,
    "min": 413.186751306057,
    "max": 624.9924376606941,
    "p50": 426.5302997082472,
    "p90": 624.9924376606941,
    "p99": 624.9924376606941
  },
  "tpot_ms": {
    "mean": 3.5218884426285513,
    "median": 3.3221294434042647,
    "stdev": 0.49857158416332803,
    "min": 3.22802149457857,
    "max": 4.882753419224173,
    "p50": 3.332267966470681,
    "p90": 4.882753419224173,
    "p99": 4.882753419224173
  },
  "tok_per_s_per_run": {
    "mean": 287.9342559185981,
    "median": 301.0145542776414,
    "stdev": 31.513422025284772,
    "min": 204.80247805732762,
    "max": 309.78728043772014,
    "p50": 301.9331948826697,
    "p90": 309.78728043772014,
    "p99": 309.78728043772014
  },
  "sglang_log": {
    "num_decode_batches": 4,
    "accept_len": {
      "mean": 7.4975000000000005,
      "median": 7.92,
      "stdev": 0.8651155992120358,
      "min": 6.2,
      "max": 7.95,
      "p50": 7.92,
      "p90": 7.95,
      "p99": 7.95
    },
    "accept_rate": {
      "mean": 0.9375,
      "median": 0.99,
      "stdev": 0.10499999999999998,
      "min": 0.78,
      "max": 0.99,
      "p50": 0.99,
      "p90": 0.99,
      "p99": 0.99
    },
    "gen_throughput": {
      "mean": 282.1675,
      "median": 292.46000000000004,
      "stdev": 31.78552540072289,
      "min": 235.81,
      "max": 307.94,
      "p50": 294.17,
      "p90": 307.94,
      "p99": 307.94
    }
  }
}